run_name,sample_trust_mode,batch_size,seed,epochs,model,hidden_dim,learning_rate,weight_decay,min_trust,max_trust,lambda_loss,lambda_entropy,use_leave_one_out,train_size,final_train_loss,final_train_acc,final_test_loss,final_test_acc,best_test_acc,epoch_best_test_acc,final_trust_mean,final_trust_std,final_trust_min,final_trust_max,notes
sanity_none,none,32,0,1,mlp,64,0.001,0.0,0.05,1.0,1.0,1.0,False,230,2.273141634982565,0.24347826086956523,2.2347558736801147,0.36328125,0.36328125,1,1.0,0.0,1.0,1.0,ordinary_nn_samplewise_trust
sanity_confidence,confidence,32,0,1,mlp,64,0.001,0.0,0.05,1.0,1.0,1.0,False,230,2.2675115937772006,0.22608695652173913,2.23969766497612,0.31640625,0.31640625,1,0.10397804714739323,0.008045252703595906,0.08607491292059422,0.11762145441025496,ordinary_nn_samplewise_trust
sanity_entropy,entropy,32,0,1,mlp,64,0.001,0.0,0.05,1.0,1.0,1.0,False,230,2.2731415541275686,0.24347826086956523,2.234645903110504,0.36328125,0.36328125,1,0.10031535103917122,7.991991969902301e-05,0.10019517131149769,0.10053906124085188,ordinary_nn_samplewise_trust
sanity_inverse_loss,inverse_loss,32,0,1,mlp,64,0.001,0.0,0.05,1.0,1.0,1.0,False,230,2.267511626948481,0.22608695652173913,2.2396976351737976,0.31640625,0.31640625,1,0.10397804994136095,0.008045250724535435,0.08607491198927164,0.11762144789099693,ordinary_nn_samplewise_trust
sanity_final_layer_align,final_layer_align,32,0,1,mlp,64,0.001,0.0,0.05,1.0,1.0,1.0,False,230,2.29846424019855,0.14347826086956522,2.270854264497757,0.17578125,0.17578125,1,0.23852495104074478,0.19694450497627258,0.06672202190384269,0.5765385180711746,ordinary_nn_samplewise_trust
sanity_final_layer_align_mag,final_layer_align_mag,32,0,1,mlp,64,0.001,0.0,0.05,1.0,1.0,1.0,False,230,2.2942808482957924,0.16521739130434782,2.2656861543655396,0.23828125,0.23828125,1,0.12943437602370977,0.093344796448946,0.053941772785037756,0.31089286506175995,ordinary_nn_samplewise_trust
sanity_ema_final_layer_align,ema_final_layer_align,32,0,1,mlp,64,0.001,0.0,0.05,1.0,1.0,1.0,False,230,2.265435614793197,0.11739130434782609,2.287093073129654,0.11328125,0.11328125,1,0.13082389626652002,0.10435052309185266,0.05000000074505806,0.36697039008140564,ordinary_nn_samplewise_trust
sanity_combined_simple,combined_simple,32,0,1,mlp,64,0.001,0.0,0.05,1.0,1.0,1.0,False,230,2.273119992795198,0.24347826086956523,2.2346951365470886,0.36328125,0.36328125,1,0.050013421569019556,7.472366269212216e-05,0.05000000074505806,0.050429465249180794,ordinary_nn_samplewise_trust
sample_trust_20260504_025419_mlp_none_bs16_lr0p001_seed0,none,16,0,5,mlp,400,0.001,0.0,0.05,1.0,1.0,1.0,False,9000,0.05149361697865081,0.9826666666666667,0.21740305984090083,0.9525,0.9525,5,1.0,0.0,1.0,1.0,ordinary_nn_samplewise_trust
sample_trust_20260504_025508_mlp_none_bs16_lr0p001_seed0,none,16,0,10,mlp,400,0.001,0.0,0.05,1.0,1.0,1.0,False,9000,0.04163569235569028,0.987,0.21178107086912132,0.9645,0.9645,10,1.0,0.0,1.0,1.0,ordinary_nn_samplewise_trust
sample_trust_20260504_025508_mlp_confidence_bs16_lr0p001_seed0,confidence,16,0,10,mlp,400,0.001,0.0,0.05,1.0,1.0,1.0,False,9000,0.008498460512153744,0.985,0.3710703595624957,0.9505,0.958,9,0.9833965339626767,0.05672987132096775,0.7759465283679496,1.0,ordinary_nn_samplewise_trust
sample_trust_20260504_025508_mlp_entropy_bs16_lr0p001_seed0,entropy,16,0,10,mlp,400,0.001,0.0,0.05,1.0,1.0,1.0,False,9000,0.03399869680811147,0.9855555555555555,0.19432233233099577,0.957,0.9605,6,0.9706371384234453,0.07627819800427056,0.7127297451292854,0.9999999631573421,ordinary_nn_samplewise_trust
sample_trust_20260504_025508_mlp_inverse_loss_bs16_lr0p001_seed0,inverse_loss,16,0,10,mlp,400,0.001,0.0,0.05,1.0,1.0,1.0,False,9000,0.008848728662142674,0.9838888888888889,0.2771195482626157,0.958,0.958,10,0.9826121423426573,0.059710364668695816,0.7625636628516296,1.0,ordinary_nn_samplewise_trust
sample_trust_20260504_025508_mlp_final_layer_align_bs16_lr0p001_seed0,final_layer_align,16,0,10,mlp,400,0.001,0.0,0.05,1.0,1.0,1.0,False,9000,0.12668755272095505,0.993,0.18157677430803595,0.9585,0.96,8,0.16924814658891243,0.24707313660088906,0.05000000074505806,0.931120373427762,ordinary_nn_samplewise_trust
sample_trust_20260504_025508_mlp_final_layer_align_mag_bs16_lr0p001_seed0,final_layer_align_mag,16,0,10,mlp,400,0.001,0.0,0.05,1.0,1.0,1.0,False,9000,0.23342207677664958,0.9868888888888889,0.2422424084303384,0.956,0.959,8,0.15316572273232798,0.23960317639538067,0.05000000074505806,0.9257004164675413,ordinary_nn_samplewise_trust
sample_trust_20260504_025508_mlp_ema_final_layer_align_bs16_lr0p001_seed0,ema_final_layer_align,16,0,10,mlp,400,0.001,0.0,0.05,1.0,1.0,1.0,False,9000,0.1090067333472026,0.9898888888888889,0.1839856267402065,0.957,0.9625,8,0.11614385989641847,0.10831509475872503,0.05000000074505806,0.4085455922472752,ordinary_nn_samplewise_trust
sample_trust_20260504_025508_mlp_combined_simple_bs16_lr0p001_seed0,combined_simple,16,0,10,mlp,400,0.001,0.0,0.05,1.0,1.0,1.0,False,9000,0.06274717007763274,0.9895555555555555,0.2767915652820957,0.9575,0.9605,7,0.12911589257088266,0.20169727558677034,0.05000000074505806,0.7979712703961674,ordinary_nn_samplewise_trust
sample_trust_20260504_025508_mlp_none_bs32_lr0p001_seed0,none,32,0,10,mlp,400,0.001,0.0,0.05,1.0,1.0,1.0,False,9000,0.0319430674299753,0.9893333333333333,0.21853265722468496,0.9475,0.96,9,1.0,0.0,1.0,1.0,ordinary_nn_samplewise_trust
sample_trust_20260504_025508_mlp_confidence_bs32_lr0p001_seed0,confidence,32,0,10,mlp,400,0.001,0.0,0.05,1.0,1.0,1.0,False,9000,0.010110926537176258,0.9831111111111112,0.24728750551719894,0.9565,0.958,8,0.9808689598918806,0.08301868160515691,0.561019546147568,1.0,ordinary_nn_samplewise_trust
sample_trust_20260504_025508_mlp_entropy_bs32_lr0p001_seed0,entropy,32,0,10,mlp,400,0.001,0.0,0.05,1.0,1.0,1.0,False,9000,0.025344039240748517,0.9876666666666667,0.2055966443165671,0.953,0.961,8,0.970799852558907,0.08319764919512977,0.6098415724774624,0.9999999124953087,ordinary_nn_samplewise_trust
sample_trust_20260504_025508_mlp_inverse_loss_bs32_lr0p001_seed0,inverse_loss,32,0,10,mlp,400,0.001,0.0,0.05,1.0,1.0,1.0,False,9000,0.00890703315497376,0.9852222222222222,0.25907930663693696,0.9595,0.9595,10,0.9827674259530738,0.07577488532584822,0.6019596024977822,1.0,ordinary_nn_samplewise_trust
sample_trust_20260504_025508_mlp_final_layer_align_bs32_lr0p001_seed0,final_layer_align,32,0,10,mlp,400,0.001,0.0,0.05,1.0,1.0,1.0,False,9000,0.1594590685557988,0.99,0.2667083573080599,0.932,0.963,7,0.15882021302344107,0.20893938300457407,0.05000000074505806,0.8870093640706218,ordinary_nn_samplewise_trust
sample_trust_20260504_025508_mlp_final_layer_align_mag_bs32_lr0p001_seed0,final_layer_align_mag,32,0,10,mlp,400,0.001,0.0,0.05,1.0,1.0,1.0,False,9000,0.2016619431219167,0.9901111111111112,0.15333633604086935,0.9635,0.9635,10,0.12970270219107047,0.1903991218365676,0.05000000074505806,0.8793689775551464,ordinary_nn_samplewise_trust
sample_trust_20260504_025508_mlp_ema_final_layer_align_bs32_lr0p001_seed0,ema_final_layer_align,32,0,10,mlp,400,0.001,0.0,0.05,1.0,1.0,1.0,False,9000,0.13952507964128422,0.9795555555555555,0.17632138169929384,0.95,0.958,7,0.12684634198428046,0.11612333238441894,0.05000000074505806,0.47041411454795945,ordinary_nn_samplewise_trust
sample_trust_20260504_025508_mlp_combined_simple_bs32_lr0p001_seed0,combined_simple,32,0,10,mlp,400,0.001,0.0,0.05,1.0,1.0,1.0,False,9000,0.07433891180788892,0.987,0.22453009873325935,0.9555,0.9555,10,0.10916178548008415,0.1469403410120702,0.05000000074505806,0.6774758766042003,ordinary_nn_samplewise_trust
sample_trust_20260504_025508_mlp_none_bs64_lr0p001_seed0,none,64,0,10,mlp,400,0.001,0.0,0.05,1.0,1.0,1.0,False,9000,0.019444988219895296,0.9937777777777778,0.16789969662204385,0.96,0.9615,7,1.0,0.0,1.0,1.0,ordinary_nn_samplewise_trust
sample_trust_20260504_025508_mlp_confidence_bs64_lr0p001_seed0,confidence,64,0,10,mlp,400,0.001,0.0,0.05,1.0,1.0,1.0,False,9000,0.011592131418227736,0.9814444444444445,0.2624927526935935,0.951,0.9525,8,0.9780733479675672,0.1057391438818147,0.3089878924772249,1.0,ordinary_nn_samplewise_trust
sample_trust_20260504_025508_mlp_entropy_bs64_lr0p001_seed0,entropy,64,0,10,mlp,400,0.001,0.0,0.05,1.0,1.0,1.0,False,9000,0.011059621133453523,0.9941111111111111,0.17342371956259012,0.9615,0.9615,10,0.9734557947368486,0.08100447153130956,0.5331321969522652,0.9999999539226505,ordinary_nn_samplewise_trust
sample_trust_20260504_025508_mlp_inverse_loss_bs64_lr0p001_seed0,inverse_loss,64,0,10,mlp,400,0.001,0.0,0.05,1.0,1.0,1.0,False,9000,0.010827312461359219,0.9818888888888889,0.22069047589041293,0.959,0.959,10,0.9791419810437142,0.1029518741628416,0.3199019741187704,1.0,ordinary_nn_samplewise_trust
sample_trust_20260504_025508_mlp_final_layer_align_bs64_lr0p001_seed0,final_layer_align,64,0,10,mlp,400,0.001,0.0,0.05,1.0,1.0,1.0,False,9000,0.15031821792489952,0.9883333333333333,0.13796766327880322,0.956,0.9585,7,0.16028137489202174,0.18764708418372675,0.05000000074505806,0.8059444854445491,ordinary_nn_samplewise_trust
sample_trust_20260504_025508_mlp_final_layer_align_mag_bs64_lr0p001_seed0,final_layer_align_mag,64,0,10,mlp,400,0.001,0.0,0.05,1.0,1.0,1.0,False,9000,0.16812993292179373,0.9908888888888889,0.13818551322817801,0.962,0.962,10,0.12043563170847318,0.16231938847836028,0.05000000074505806,0.8153638860858079,ordinary_nn_samplewise_trust
sample_trust_20260504_025508_mlp_ema_final_layer_align_bs64_lr0p001_seed0,ema_final_layer_align,64,0,10,mlp,400,0.001,0.0,0.05,1.0,1.0,1.0,False,9000,0.107113273392121,0.976,0.19238762444257737,0.9445,0.947,9,0.16009771823883057,0.15108856775447832,0.05000000074505806,0.5636710298399553,ordinary_nn_samplewise_trust
sample_trust_20260504_025508_mlp_combined_simple_bs64_lr0p001_seed0,combined_simple,64,0,10,mlp,400,0.001,0.0,0.05,1.0,1.0,1.0,False,9000,0.06281504098491536,0.9864444444444445,0.17878189370734618,0.9545,0.9555,6,0.10398854230735319,0.127010592807692,0.05000000074505806,0.6441695091994941,ordinary_nn_samplewise_trust
sample_trust_20260504_025508_mlp_none_bs128_lr0p001_seed0,none,128,0,10,mlp,400,0.001,0.0,0.05,1.0,1.0,1.0,False,9000,0.022580102251635658,0.9955555555555555,0.163680327296257,0.9555,0.9555,10,1.0,0.0,1.0,1.0,ordinary_nn_samplewise_trust
sample_trust_20260504_025508_mlp_confidence_bs128_lr0p001_seed0,confidence,128,0,10,mlp,400,0.001,0.0,0.05,1.0,1.0,1.0,False,9000,0.015574146416866117,0.9744444444444444,0.24835400879383088,0.9495,0.9505,9,0.9704065364851079,0.13499185637059347,0.13486302465620176,1.0,ordinary_nn_samplewise_trust
sample_trust_20260504_025508_mlp_entropy_bs128_lr0p001_seed0,entropy,128,0,10,mlp,400,0.001,0.0,0.05,1.0,1.0,1.0,False,9000,0.016028831081361408,0.9908888888888889,0.1700394964814186,0.9585,0.9585,10,0.9562295801203016,0.11260655540710604,0.3543134789231797,0.9999998228650697,ordinary_nn_samplewise_trust
sample_trust_20260504_025508_mlp_inverse_loss_bs128_lr0p001_seed0,inverse_loss,128,0,10,mlp,400,0.001,0.0,0.05,1.0,1.0,1.0,False,9000,0.015487782928678724,0.9746666666666667,0.24520534044504166,0.9505,0.9505,9,0.9705629231224597,0.13447383333417312,0.13951212639959765,1.0,ordinary_nn_samplewise_trust
sample_trust_20260504_025508_mlp_final_layer_align_bs128_lr0p001_seed0,final_layer_align,128,0,10,mlp,400,0.001,0.0,0.05,1.0,1.0,1.0,False,9000,0.13290123760700226,0.985,0.14066212242841722,0.9565,0.9575,8,0.16785128257224258,0.1718561320867337,0.05000000074505806,0.7204131693907188,ordinary_nn_samplewise_trust
sample_trust_20260504_025508_mlp_final_layer_align_mag_bs128_lr0p001_seed0,final_layer_align_mag,128,0,10,mlp,400,0.001,0.0,0.05,1.0,1.0,1.0,False,9000,0.16471555003854962,0.9882222222222222,0.13589402896165848,0.9595,0.9595,10,0.11587611281535995,0.13687052808597056,0.05000000074505806,0.7071546811453053,ordinary_nn_samplewise_trust
sample_trust_20260504_025508_mlp_ema_final_layer_align_bs128_lr0p001_seed0,ema_final_layer_align,128,0,10,mlp,400,0.001,0.0,0.05,1.0,1.0,1.0,False,9000,0.2003492908610238,0.9496666666666667,0.18631603854894638,0.943,0.943,10,0.15593153899404363,0.16505719154653414,0.05000000074505806,0.6532011044697023,ordinary_nn_samplewise_trust
sample_trust_20260504_025508_mlp_combined_simple_bs128_lr0p001_seed0,combined_simple,128,0,10,mlp,400,0.001,0.0,0.05,1.0,1.0,1.0,False,9000,0.07188793944650226,0.9798888888888889,0.15823868691921233,0.957,0.957,10,0.0963100574805703,0.1014983492942763,0.05000000074505806,0.5503823442358367,ordinary_nn_samplewise_trust
sample_trust_20260504_025508_cnn_none_bs16_lr0p001_seed0,none,16,0,10,cnn,400,0.001,0.0,0.05,1.0,1.0,1.0,False,9000,0.013487811590196644,0.9955555555555555,0.07482107601794269,0.9785,0.981,6,1.0,0.0,1.0,1.0,ordinary_nn_samplewise_trust
sample_trust_20260504_025508_cnn_confidence_bs16_lr0p001_seed0,confidence,16,0,10,cnn,400,0.001,0.0,0.05,1.0,1.0,1.0,False,9000,0.005497205969006685,0.9892222222222222,0.1488734918906838,0.979,0.9815,6,0.988562574818545,0.040809008300483555,0.8347436388223357,1.0,ordinary_nn_samplewise_trust
sample_trust_20260504_025508_cnn_entropy_bs16_lr0p001_seed0,entropy,16,0,10,cnn,400,0.001,0.0,0.05,1.0,1.0,1.0,False,9000,0.015615969916978126,0.9934444444444445,0.07153326957674654,0.9795,0.983,9,0.9860816565118928,0.04135759342658327,0.8372846713180441,0.9999999466416679,ordinary_nn_samplewise_trust
sample_trust_20260504_025508_cnn_inverse_loss_bs16_lr0p001_seed0,inverse_loss,16,0,10,cnn,400,0.001,0.0,0.05,1.0,1.0,1.0,False,9000,0.005208937740595305,0.9907777777777778,0.10331736720525263,0.9825,0.9825,8,0.9897548025920591,0.03641928811574895,0.8537458848360376,1.0,ordinary_nn_samplewise_trust
sample_trust_20260504_025508_cnn_final_layer_align_bs16_lr0p001_seed0,final_layer_align,16,0,10,cnn,400,0.001,0.0,0.05,1.0,1.0,1.0,False,9000,0.11134889623593093,0.9937777777777778,0.05153635755919549,0.9845,0.9845,10,0.16761191866855216,0.24140924764515875,0.05000000074505806,0.9288060048968924,ordinary_nn_samplewise_trust
sample_trust_20260504_025508_cnn_final_layer_align_mag_bs16_lr0p001_seed0,final_layer_align_mag,16,0,10,cnn,400,0.001,0.0,0.05,1.0,1.0,1.0,False,9000,0.1088897714030334,0.9947777777777778,0.08884220854597516,0.977,0.983,6,0.1492818635797416,0.23447224470004308,0.05000000074505806,0.9256940857767,ordinary_nn_samplewise_trust
sample_trust_20260504_025508_cnn_ema_final_layer_align_bs16_lr0p001_seed0,ema_final_layer_align,16,0,10,cnn,400,0.001,0.0,0.05,1.0,1.0,1.0,False,9000,0.0705841766689571,0.9943333333333333,0.08575616838724819,0.9735,0.981,7,0.11419781253774043,0.10785680448472645,0.05000000074505806,0.4104326874361792,ordinary_nn_samplewise_trust
sample_trust_20260504_025508_cnn_combined_simple_bs16_lr0p001_seed0,combined_simple,16,0,10,cnn,400,0.001,0.0,0.05,1.0,1.0,1.0,False,9000,0.048099483229386016,0.992,0.09604041516394926,0.983,0.983,10,0.11443356263780467,0.18820145870285973,0.05000000074505806,0.785806880003341,ordinary_nn_samplewise_trust
sample_trust_20260504_025508_cnn_none_bs32_lr0p001_seed0,none,32,0,10,cnn,400,0.001,0.0,0.05,1.0,1.0,1.0,False,9000,0.016051936125305172,0.9945555555555555,0.12448607864405495,0.9645,0.983,9,1.0,0.0,1.0,1.0,ordinary_nn_samplewise_trust
sample_trust_20260504_025508_cnn_confidence_bs32_lr0p001_seed0,confidence,32,0,10,cnn,400,0.001,0.0,0.05,1.0,1.0,1.0,False,9000,0.006031487735306857,0.9898888888888889,0.10590057217090293,0.9795,0.9795,10,0.988648699319109,0.054262531368673685,0.7021711342538713,1.0,ordinary_nn_samplewise_trust
sample_trust_20260504_025508_cnn_entropy_bs32_lr0p001_seed0,entropy,32,0,10,cnn,400,0.001,0.0,0.05,1.0,1.0,1.0,False,9000,0.014006984905136051,0.9941111111111111,0.0487495154957287,0.985,0.985,10,0.981807529292208,0.06032951869849109,0.700182225740125,0.9999999190475923,ordinary_nn_samplewise_trust
sample_trust_20260504_025508_cnn_inverse_loss_bs32_lr0p001_seed0,inverse_loss,32,0,10,cnn,400,0.001,0.0,0.05,1.0,1.0,1.0,False,9000,0.0070192804884327414,0.9876666666666667,0.12414979722590942,0.9735,0.98,9,0.9862081867160527,0.06457845580338398,0.6489483526650262,1.0,ordinary_nn_samplewise_trust
sample_trust_20260504_025508_cnn_final_layer_align_bs32_lr0p001_seed0,final_layer_align,32,0,10,cnn,400,0.001,0.0,0.05,1.0,1.0,1.0,False,9000,0.11088187798360984,0.9941111111111111,0.04642727675591595,0.9875,0.9875,10,0.15001630225608534,0.1972113236626412,0.05000000074505806,0.8946436030644898,ordinary_nn_samplewise_trust
sample_trust_20260504_025508_cnn_final_layer_align_mag_bs32_lr0p001_seed0,final_layer_align_mag,32,0,10,cnn,400,0.001,0.0,0.05,1.0,1.0,1.0,False,9000,0.1116322996364389,0.9948888888888889,0.08028485020250083,0.978,0.981,7,0.12162361441985935,0.18470217472483927,0.05000000074505806,0.9105084978096875,ordinary_nn_samplewise_trust
sample_trust_20260504_025508_cnn_ema_final_layer_align_bs32_lr0p001_seed0,ema_final_layer_align,32,0,10,cnn,400,0.001,0.0,0.05,1.0,1.0,1.0,False,9000,0.07511769504420873,0.9916666666666667,0.06325635977461934,0.9825,0.9825,10,0.12427514146828482,0.11872791627038878,0.05000000074505806,0.4802661508533126,ordinary_nn_samplewise_trust
sample_trust_20260504_025508_cnn_combined_simple_bs32_lr0p001_seed0,combined_simple,32,0,10,cnn,400,0.001,0.0,0.05,1.0,1.0,1.0,False,9000,0.05754737438501777,0.9906666666666667,0.08514805367513327,0.978,0.9795,7,0.10561780352805945,0.14636583688523594,0.05000000074505806,0.7232388540943886,ordinary_nn_samplewise_trust
sample_trust_20260504_025508_cnn_none_bs64_lr0p001_seed0,none,64,0,10,cnn,400,0.001,0.0,0.05,1.0,1.0,1.0,False,9000,0.015507878488757544,0.9952222222222222,0.07577902944223024,0.9775,0.9795,7,1.0,0.0,1.0,1.0,ordinary_nn_samplewise_trust
sample_trust_20260504_025508_cnn_confidence_bs64_lr0p001_seed0,confidence,64,0,10,cnn,400,0.001,0.0,0.05,1.0,1.0,1.0,False,9000,0.0065068210282932136,0.9892222222222222,0.09458390847276314,0.977,0.9795,8,0.987755280014471,0.06917313302854523,0.5123141439142802,1.0,ordinary_nn_samplewise_trust
sample_trust_20260504_025508_cnn_entropy_bs64_lr0p001_seed0,entropy,64,0,10,cnn,400,0.001,0.0,0.05,1.0,1.0,1.0,False,9000,0.011919980071692003,0.9938888888888889,0.06310014335950836,0.9795,0.9795,7,0.9801394981695405,0.07145840371463527,0.5649085697975564,0.9999999974636321,ordinary_nn_samplewise_trust
sample_trust_20260504_025508_cnn_inverse_loss_bs64_lr0p001_seed0,inverse_loss,64,0,10,cnn,400,0.001,0.0,0.05,1.0,1.0,1.0,False,9000,0.007579863070368042,0.9874444444444445,0.07642101484124941,0.98,0.981,9,0.9854329325628619,0.07900348409124013,0.45235240422453443,1.0,ordinary_nn_samplewise_trust
sample_trust_20260504_025508_cnn_final_layer_align_bs64_lr0p001_seed0,final_layer_align,64,0,10,cnn,400,0.001,0.0,0.05,1.0,1.0,1.0,False,9000,0.12018800987137689,0.9915555555555555,0.0776072688549757,0.974,0.981,8,0.14728768117038915,0.17344097195998998,0.05000000074505806,0.8290234360289066,ordinary_nn_samplewise_trust
sample_trust_20260504_025508_cnn_final_layer_align_mag_bs64_lr0p001_seed0,final_layer_align_mag,64,0,10,cnn,400,0.001,0.0,0.05,1.0,1.0,1.0,False,9000,0.14049726548459796,0.9924444444444445,0.06495978332357481,0.979,0.981,9,0.11303623258433443,0.15109476721878592,0.05000000074505806,0.8271123857785624,ordinary_nn_samplewise_trust
sample_trust_20260504_025508_cnn_ema_final_layer_align_bs64_lr0p001_seed0,ema_final_layer_align,64,0,10,cnn,400,0.001,0.0,0.05,1.0,1.0,1.0,False,9000,0.07128104858928257,0.9868888888888889,0.09170208900887519,0.9735,0.9785,7,0.13587884890272262,0.1322559934400075,0.05000000074505806,0.5520341998719155,ordinary_nn_samplewise_trust
sample_trust_20260504_025508_cnn_combined_simple_bs64_lr0p001_seed0,combined_simple,64,0,10,cnn,400,0.001,0.0,0.05,1.0,1.0,1.0,False,9000,0.057446248220072854,0.9894444444444445,0.10420994586218149,0.9715,0.98,5,0.09929169693314438,0.1173713485716928,0.05000000074505806,0.6240815919764499,ordinary_nn_samplewise_trust
sample_trust_20260504_025508_cnn_none_bs128_lr0p001_seed0,none,128,0,10,cnn,400,0.001,0.0,0.05,1.0,1.0,1.0,False,9000,0.02243662489288383,0.9926666666666667,0.04996269354224205,0.9815,0.9815,10,1.0,0.0,1.0,1.0,ordinary_nn_samplewise_trust
sample_trust_20260504_025508_cnn_confidence_bs128_lr0p001_seed0,confidence,128,0,10,cnn,400,0.001,0.0,0.05,1.0,1.0,1.0,False,9000,0.009909237722555796,0.9838888888888889,0.08443466892838478,0.9775,0.9775,10,0.9807495777036103,0.10693498905485785,0.15492545844803393,1.0,ordinary_nn_samplewise_trust
sample_trust_20260504_025508_cnn_entropy_bs128_lr0p001_seed0,entropy,128,0,10,cnn,400,0.001,0.0,0.05,1.0,1.0,1.0,False,9000,0.01681618213819133,0.992,0.05302171114087105,0.9805,0.9805,10,0.9680605119382831,0.09622436126982661,0.3952824668565267,0.9999999110127838,ordinary_nn_samplewise_trust
sample_trust_20260504_025508_cnn_inverse_loss_bs128_lr0p001_seed0,inverse_loss,128,0,10,cnn,400,0.001,0.0,0.05,1.0,1.0,1.0,False,9000,0.01006075791352325,0.9838888888888889,0.08125053749978542,0.977,0.9775,9,0.9809967875480652,0.1054105456446258,0.15968689007658354,1.0,ordinary_nn_samplewise_trust
sample_trust_20260504_025508_cnn_final_layer_align_bs128_lr0p001_seed0,final_layer_align,128,0,10,cnn,400,0.001,0.0,0.05,1.0,1.0,1.0,False,9000,0.13875582262542513,0.9846666666666667,0.06539689534902572,0.977,0.979,9,0.17706652678234477,0.16991928629052472,0.05000000074505806,0.7150053549820269,ordinary_nn_samplewise_trust
sample_trust_20260504_025508_cnn_final_layer_align_mag_bs128_lr0p001_seed0,final_layer_align_mag,128,0,10,cnn,400,0.001,0.0,0.05,1.0,1.0,1.0,False,9000,0.1748025343550576,0.9877777777777778,0.059092291057109836,0.982,0.982,10,0.11740636594698463,0.1367398055506424,0.05000000074505806,0.731251705280492,ordinary_nn_samplewise_trust
sample_trust_20260504_025508_cnn_ema_final_layer_align_bs128_lr0p001_seed0,ema_final_layer_align,128,0,10,cnn,400,0.001,0.0,0.05,1.0,1.0,1.0,False,9000,0.10291603855126434,0.9766666666666667,0.06846804612874985,0.974,0.9745,9,0.15211011081094472,0.13277306533615355,0.05000000074505806,0.531286744164749,ordinary_nn_samplewise_trust
sample_trust_20260504_025508_cnn_combined_simple_bs128_lr0p001_seed0,combined_simple,128,0,10,cnn,400,0.001,0.0,0.05,1.0,1.0,1.0,False,9000,0.054865224248833125,0.9851111111111112,0.07204893803596496,0.977,0.9805,8,0.09853226675743788,0.10812865585928232,0.05000000074505806,0.5963135617719569,ordinary_nn_samplewise_trust
